PointID,Region_0,Region_1,Region_2
0,6167.8718194501,3865.7413399469,11445.2780145846
1,0,0,0
2,0,0,0
3,0,0,0
4,0,0,0
5,0,0,0
6,0,0,0
7,0,0,0
8,0,0,0
9,0,0,0
10,0,0,0
11,0,0,0
12,0,0,0
13,0,0,0
14,0,0,0
15,0,0,0
16,0,0,0
17,0,0,0
18,0,0,0
19,0,0,0
20,0,0,0
21,0,0,0
22,0,0,0
23,0,0,0
24,0,0,0
25,0,0,0
26,0,0,0
27,0,0,0
28,0,0,0
29,11039.4837088362,3290.9932059791,11594.7809326721
30,0,0,0
31,0.0000000000,0,0
32,0,0.0000000000,0
33,0,0,0
34,0,0,0
35,0,0,0.0000000000
36,0,0,0
