PointID,Region_0,Region_1
0,0.0000000000,90632.8882975333
1,30221.3045594916,60411.6217980225
2,NaN,NaN
3,60411.6219386577,30190.2626509917
4,NaN,0.0000000000
