PointID,Region_0,Region_1,Region_2
0,NaN,NaN,NaN
1,NaN,NaN,NaN
2,6550.2942488253,4071.0025598879,4232.8915197488
3,NaN,NaN,NaN
4,286.9850449322,6758.5841957560,8579.1251282386
5,251.2282844456,7053.9655209729,7924.5489864486
6,0.1493583963,6624.0790917509,7657.2455448038
7,NaN,NaN,NaN
8,NaN,NaN,NaN
9,NaN,NaN,NaN
10,NaN,NaN,NaN
11,NaN,NaN,NaN
12,NaN,NaN,NaN
13,NaN,NaN,NaN
14,NaN,NaN,NaN
15,NaN,NaN,NaN
16,NaN,NaN,NaN
17,8253.4482545230,2271.5939440804,6123.0909706526
18,4592.1503807892,4082.8947729893,7955.9897277610
19,NaN,NaN,NaN
20,NaN,NaN,NaN
21,NaN,NaN,NaN
22,NaN,NaN,NaN
23,NaN,NaN,NaN
24,NaN,NaN,NaN
25,NaN,NaN,NaN
26,NaN,NaN,NaN
27,NaN,NaN,NaN
28,NaN,NaN,NaN
29,NaN,NaN,NaN
30,NaN,NaN,NaN
31,0.0000000000,NaN,NaN
32,NaN,0.0000000000,NaN
33,5961.4599190913,3149.8153893030,5518.7583974762
34,NaN,NaN,NaN
35,NaN,NaN,0.0000000000
36,NaN,NaN,NaN
